
INSERT INTO teacher (id, first_name, last_name, description, date_birth, gender, email, phone, street, city, state, zip) VALUES
(1, 'Sasha', 'Grey', 'English Language Teacher', '1988-03-14', 'Female', 'sasha.grey@example.com', '1234567890', '123 Main St', 'Los Angeles', 'CA', '90001'),
(2, 'James', 'Deen', 'Spanish Language Teacher', '1986-02-07', 'Male', 'james.deen@example.com', '0987654321', '456 Elm St', 'Los Angeles', 'CA', '90002'),
(3, 'Jenna', 'Jameson', 'French Language Teacher', '1974-04-09', 'Female', 'jenna.jameson@example.com', '1112223333', '789 Oak St', 'Las Vegas', 'NV', '89001'),
(4, 'Rocco', 'Siffredi', 'Italian Language Teacher', '1964-05-04', 'Male', 'rocco.siffredi@example.com', '2223334444', '101 Pine St', 'Rome', 'Lazio', '00100'),
(5, 'Tera', 'Patrick', 'German Language Teacher', '1976-07-25', 'Female', 'tera.patrick@example.com', '3334445555', '202 Cedar St', 'San Francisco', 'CA', '94101'),
(6, 'Manuel', 'Ferrara', 'Portuguese Language Teacher', '1975-11-01', 'Male', 'manuel.ferrara@example.com', '4445556666', '303 Birch St', 'Paris', 'Île-de-France', '75000'),
(7, 'Asa', 'Akira', 'Japanese Language Teacher', '1985-01-03', 'Female', 'asa.akira@example.com', '5556667777', '404 Maple St', 'New York', 'NY', '10001'),
(8, 'Mia', 'Khalifa', 'Arabic Language Teacher', '1993-02-10', 'Female', 'mia.khalifa@example.com', '6667778888', '505 Spruce St', 'Beirut', 'Beirut', '1100'),
(9, 'Johnny', 'Sins', 'Chinese Language Teacher', '1978-12-31', 'Male', 'johnny.sins@example.com', '7778889999', '606 Walnut St', 'Beijing', 'Beijing', '100000'),
(10, 'Brandi', 'Love', 'Russian Language Teacher', '1973-03-29', 'Female', 'brandi.love@example.com', '8889990000', '707 Ash St', 'Moscow', 'Moscow', '101000'),
(11, 'Ron', 'Jeremy', 'Korean Language Teacher', '1953-03-12', 'Male', 'ron.jeremy@example.com', '9990001111', '808 Hickory St', 'Seoul', 'Seoul', '04524'),
(12, 'Nikki', 'Benz', 'Hindi Language Teacher', '1981-12-11', 'Female', 'nikki.benz@example.com', '0001112222', '909 Willow St', 'Mumbai', 'Maharashtra', '400001'),
(13, 'Lisa', 'Ann', 'Turkish Language Teacher', '1972-05-09', 'Female', 'lisa.ann@example.com', '1112223334', '1010 Palm St', 'Istanbul', 'Marmara', '34000'),
(14, 'Kendra', 'Lust', 'Greek Language Teacher', '1978-09-18', 'Female', 'kendra.lust@example.com', '2223334445', '1111 Cypress St', 'Athens', 'Attica', '10400'),
(15, 'August', 'Ames', 'Hebrew Language Teacher', '1994-08-23', 'Female', 'august.ames@example.com', '3334445556', '1212 Redwood St', 'Tel Aviv', 'Tel Aviv', '61000'),
(16, 'Eva', 'Lovia', 'Thai Language Teacher', '1989-05-29', 'Female', 'eva.lovia@example.com', '4445556667', '1313 Magnolia St', 'Bangkok', 'Bangkok', '10100'),
(17, 'Adriana', 'Chechik', 'Vietnamese Language Teacher', '1992-11-04', 'Female', 'adriana.chechik@example.com', '5556667778', '1414 Sycamore St', 'Ho Chi Minh City', 'Ho Chi Minh', '700000'),
(18, 'Angela', 'White', 'Swedish Language Teacher', '1985-03-04', 'Female', 'angela.white@example.com', '6667778889', '1515 Dogwood St', 'Stockholm', 'Stockholm', '11100'),
(19, 'Riley', 'Reid', 'Norwegian Language Teacher', '1991-07-09', 'Female', 'riley.reid@example.com', '7778889990', '1616 Fir St', 'Oslo', 'Oslo', '0100'),
(20, 'Kim', 'Kardashian', 'Dutch Language Teacher', '1980-10-21', 'Female', 'kim.kardashian@example.com', '8889990001', '1717 Alder St', 'Amsterdam', 'North Holland', '1012'),
(21, 'Stormy', 'Daniels', 'Polish Language Teacher', '1979-03-17', 'Female', 'stormy.daniels@example.com', '9990001112', '1818 Chestnut St', 'Warsaw', 'Masovian', '00-001'),
(22, 'Tori', 'Black', 'Danish Language Teacher', '1988-08-26', 'Female', 'tori.black@example.com', '0001112223', '1919 Poplar St', 'Copenhagen', 'Capital', '1000'),
(23, 'Jesse', 'Jane', 'Finnish Language Teacher', '1980-07-16', 'Female', 'jesse.jane@example.com', '1112223335', '2020 Maple St', 'Helsinki', 'Uusimaa', '00100'),
(24, 'Remy', 'LaCroix', 'Hungarian Language Teacher', '1988-06-26', 'Female', 'remy.lacroix@example.com', '2223334446', '2121 Birch St', 'Budapest', 'Central Hungary', '1011'),
(25, 'Lexington', 'Steele', 'Czech Language Teacher', '1969-11-28', 'Male', 'lexington.steele@example.com', '3334445557', '2222 Pine St', 'Prague', 'Prague', '11000'),
(26, 'Abella', 'Danger', 'Romanian Language Teacher', '1995-11-19', 'Female', 'abella.danger@example.com', '4445556668', '2323 Spruce St', 'Bucharest', 'Bucharest', '01000'),
(27, 'Mason', 'Moore', 'Bulgarian Language Teacher', '1985-02-01', 'Female', 'mason.moore@example.com', '5556667779', '2424 Willow St', 'Sofia', 'Sofia City', '1000'),
(28, 'Keiran', 'Lee', 'Slovak Language Teacher', '1984-01-15', 'Male', 'keiran.lee@example.com', '6667778880', '2525 Ash St', 'Bratislava', 'Bratislava', '81101'),
(29, 'Dani', 'Daniels', 'Croatian Language Teacher', '1989-09-23', 'Female', 'dani.daniels@example.com', '7778889991', '2626 Cypress St', 'Zagreb', 'Zagreb', '10000'),
(30, 'Eva', 'Notty', 'Estonian Language Teacher', '1982-07-07', 'Female', 'eva.notty@example.com', '8889990002', '2727 Fir St', 'Tallinn', 'Harju', '10120'),
(31, 'Kayden', 'Kross', 'Latvian Language Teacher', '1985-09-15', 'Female', 'kayden.kross@example.com', '9990001113', '2828 Alder St', 'Riga', 'Riga', '1050'),
(32, 'Bonnie', 'Rotten', 'Lithuanian Language Teacher', '1993-05-09', 'Female', 'bonnie.rotten@example.com', '0001112224', '2929 Dogwood St', 'Vilnius', 'Vilnius', '01100'),
(33, 'Kissa', 'Sins', 'Slovenian Language Teacher', '1988-06-22', 'Female', 'kissa.sins@example.com', '1112223336', '3030 Elm St', 'Ljubljana', 'Ljubljana', '1000'),
(34, 'Peta', 'Jensen', 'Serbian Language Teacher', '1990-12-24', 'Female', 'peta.jensen@example.com', '2223334447', '3131 Hickory St', 'Belgrade', 'Central Serbia', '11000'),
(35, 'Juelz', 'Ventura', 'Bosnian Language Teacher', '1987-07-31', 'Female', 'juelz.ventura@example.com', '3334445558', '3232 Palm St', 'Sarajevo', 'Sarajevo', '71000'),
(36, 'Aletta', 'Ocean', 'Macedonian Language Teacher', '1987-12-14', 'Female', 'aletta.ocean@example.com', '4445556669', '3333 Pine St', 'Skopje', 'Skopje', '1000'),
(37, 'Kagney', 'Linn Karter', 'Albanian Language Teacher', '1987-03-28', 'Female', 'kagney.linn@example.com', '5556667780', '3434 Spruce St', 'Tirana', 'Tirana', '1000'),
(38, 'Dillion', 'Harper', 'Maltese Language Teacher', '1991-09-27', 'Female', 'dillion.harper@example.com', '6667778881', '3535 Willow St', 'Valletta', 'Valletta', 'VLT01'),
(39, 'Romi', 'Rain', 'Luxembourgish Language Teacher', '1988-01-12', 'Female', 'romi.rain@example.com', '7778889992', '3636 Maple St', 'Luxembourg City', 'Luxembourg', '1111'),
(40, 'Sunny', 'Leone', 'Icelandic Language Teacher', '1981-05-13', 'Female', 'sunny.leone@example.com', '8889990003', '3737 Hickory St', 'Reykjavik', 'Capital', '101'),
(41, 'Ava', 'Addams', 'Georgian Language Teacher', '1979-09-16', 'Female', 'ava.addams@example.com', '9990001114', '3838 Fir St', 'Tbilisi', 'Tbilisi', '0100'),
(42, 'Christy', 'Mack', 'Armenian Language Teacher', '1991-05-09', 'Female', 'christy.mack@example.com', '0001112225', '3939 Elm St', 'Yerevan', 'Yerevan', '0010'),
(43, 'Bree', 'Olson', 'Azerbaijani Language Teacher', '1986-10-07', 'Female', 'bree.olson@example.com', '1112223337', '4040 Dogwood St', 'Baku', 'Baku', '1010'),
(44, 'Kelsi', 'Monroe', 'Kazakh Language Teacher', '1992-06-30', 'Female', 'kelsi.monroe@example.com', '2223334448', '4141 Alder St', 'Nur-Sultan', 'Akmola', '0100'),
(45, 'Megan', 'Rain', 'Uzbek Language Teacher', '1996-06-13', 'Female', 'megan.rain@example.com', '3334445559', '4242 Spruce St', 'Tashkent', 'Tashkent', '1000'),
(46, 'Julia', 'Ann', 'Tajik Language Teacher', '1969-10-08', 'Female', 'julia.ann@example.com', '4445556670', '4343 Maple St', 'Dushanbe', 'Dushanbe', '1000'),
(47, 'Rachel', 'Starr', 'Turkmen Language Teacher', '1983-11-26', 'Female', 'rachel.starr@example.com', '5556667781', '4444 Willow St', 'Ashgabat', 'Ashgabat', '1000'),
(48, 'Aleksa', 'Nicole', 'Kyrgyz Language Teacher', '1982-04-24', 'Female', 'aleksa.nicole@example.com', '6667778882', '4545 Hickory St', 'Bishkek', 'Bishkek', '1000'),
(49, 'Chanel', 'Preston', 'Mongolian Language Teacher', '1985-12-01', 'Female', 'chanel.preston@example.com', '7778889993', '4646 Pine St', 'Ulaanbaatar', 'Ulaanbaatar', '0100'),
(50, 'Madison', 'Ivy', 'Pashto Language Teacher', '1989-06-14', 'Female', 'madison.ivy@example.com', '8889990004', '4747 Dogwood St', 'Kabul', 'Kabul', '1000');

INSERT INTO teacher_account (teacher_id, username, password, is_active) VALUES
(1, 'sgrey', 'password1', 1),
(2, 'jdeen', 'password2', 1),
(3, 'jjameson', 'password3', 1),
(4, 'rsiffredi', 'password4', 1),
(5, 'tpatrick', 'password5', 1),
(6, 'mferrara', 'password6', 1),
(7, 'aakira', 'password7', 1),
(8, 'mkhalifa', 'password8', 1),
(9, 'jsins', 'password9', 1),
(10, 'blove', 'password10', 1),
(11, 'rjeremy', 'password11', 1),
(12, 'nbenz', 'password12', 1),
(13, 'lann', 'password13', 1),
(14, 'klust', 'password14', 1),
(15, 'aames', 'password15', 1),
(16, 'elovia', 'password16', 1),
(17, 'achechik', 'password17', 1),
(18, 'awhite', 'password18', 1),
(19, 'rreid', 'password19', 1),
(20, 'kkardashian', 'password20', 1),
(21, 'sdaniels', 'password21', 1),
(22, 'tblack', 'password22', 1),
(23, 'jjane', 'password23', 1),
(24, 'rlacroix', 'password24', 1),
(25, 'lsteele', 'password25', 1),
(26, 'adanger', 'password26', 1),
(27, 'mmoore', 'password27', 1),
(28, 'klee', 'password28', 1),
(29, 'ddaniels', 'password29', 1),
(30, 'enotty', 'password30', 1),
(31, 'kkross', 'password31', 1),
(32, 'brotten', 'password32', 1),
(33, 'ksins', 'password33', 1),
(34, 'pjensen', 'password34', 1),
(35, 'jventura', 'password35', 1),
(36, 'aocean', 'password36', 1),
(37, 'klkarter', 'password37', 1),
(38, 'dharper', 'password38', 1),
(39, 'rrain', 'password39', 1),
(40, 'sleone', 'password40', 1),
(41, 'aaddams', 'password41', 1),
(42, 'cmack', 'password42', 1),
(43, 'bolson', 'password43', 1),
(44, 'kmonroe', 'password44', 1),
(45, 'mrain', 'password45', 1),
(46, 'jann', 'password46', 1),
(47, 'rstarr', 'password47', 1),
(48, 'anicole', 'password48', 1),
(49, 'cpreston', 'password49', 1),
(50, 'mivy', 'password50', 1);

INSERT INTO language (id, name) VALUES
(1, 'English'),
(2, 'Spanish'),
(3, 'French'),
(4, 'German'),
(5, 'Portuguese'),
(6, 'Japanese'),
(7, 'Arabic'),
(8, 'Chinese'),
(9, 'Russian'),
(10, 'Korean'),
(11, 'Hindi'),
(12, 'Turkish'),
(13, 'Greek'),
(14, 'Hebrew'),
(15, 'Thai'),
(16, 'Vietnamese'),
(17, 'Swedish'),
(18, 'Norwegian'),
(19, 'Dutch'),
(20, 'Polish'),
(21, 'Danish'),
(22, 'Finnish'),
(23, 'Hungarian'),
(24, 'Czech'),
(25, 'Romanian'),
(26, 'Bulgarian'),
(27, 'Slovak'),
(28, 'Croatian'),

INSERT INTO weekday (id, name) VALUES 
(1, 'Monday'),
(2, 'Tuesday'),
(3, 'Wednesday'),
(4, 'Thursday'),
(5, 'Friday'),
(6, 'Saturday'),
(7, 'Sunday');
GO
INSERT INTO class (id, name, start_date, end_date, teacher_id, course_id) VALUES 
(1, 'Lion', '2024-01-01', '2024-03-01', 1, 1),
(2, 'Tiger', '2024-01-05', '2024-03-05', 2, 2),
(3, 'Elephant', '2024-01-10', '2024-03-10', 3, 3),
(4, 'Giraffe', '2024-01-15', '2024-03-15', 4, 4),
(5, 'Zebra', '2024-01-20', '2024-03-20', 5, 5),
(6, 'Kangaroo', '2024-01-25', '2024-03-25', 6, 6),
(7, 'Koala', '2024-01-30', '2024-03-30', 7, 7),
(8, 'Panda', '2024-02-01', '2024-04-01', 8, 8),
(9, 'Bear', '2024-02-05', '2024-04-05', 9, 9),
(10, 'Wolf', '2024-02-10', '2024-04-10', 10, 10),
(11, 'Fox', '2024-02-15', '2024-04-15', 1, 1),
(12, 'Deer', '2024-02-20', '2024-04-20', 2, 2),
(13, 'Rabbit', '2024-02-25', '2024-04-25', 3, 3),
(14, 'Squirrel', '2024-03-01', '2024-05-01', 4, 4),
(15, 'Raccoon', '2024-03-05', '2024-05-05', 5, 5),
(16, 'Otter', '2024-03-10', '2024-05-10', 6, 6),
(17, 'Dolphin', '2024-03-15', '2024-05-15', 7, 7),
(18, 'Whale', '2024-03-20', '2024-05-20', 8, 8),
(19, 'Shark', '2024-03-25', '2024-05-25', 9, 9),
(20, 'Octopus', '2024-04-01', '2024-06-01', 10, 10),
(21, 'Penguin', '2024-04-05', '2024-06-05', 1, 1),
(22, 'Ostrich', '2024-04-10', '2024-06-10', 2, 2),
(23, 'Eagle', '2024-04-15', '2024-06-15', 3, 3),
(24, 'Hawk', '2024-04-20', '2024-06-20', 4, 4),
(25, 'Parrot', '2024-04-25', '2024-06-25', 5, 5),
(26, 'Flamingo', '2024-05-01', '2024-07-01', 6, 6),
(27, 'Peacock', '2024-05-05', '2024-07-05', 7, 7),
(28, 'Swan', '2024-05-10', '2024-07-10', 8, 8),
(29, 'Owl', '2024-05-15', '2024-07-15', 9, 9),
(30, 'Bat', '2024-05-20', '2024-07-20', 10, 10),
(31, 'Crocodile', '2024-05-25', '2024-07-25', 1, 1),
(32, 'Alligator', '2024-06-01', '2024-08-01', 2, 2),
(33, 'Lizard', '2024-06-05', '2024-08-05', 3, 3),
(34, 'Snake', '2024-06-10', '2024-08-10', 4, 4),
(35, 'Frog', '2024-06-15', '2024-08-15', 5, 5),
(36, 'Tortoise', '2024-06-20', '2024-08-20', 6, 6),
(37, 'Turtle', '2024-06-25', '2024-08-25', 7, 7),
(38, 'Fish', '2024-07-01', '2024-09-01', 8, 8),
(39, 'Jellyfish', '2024-07-05', '2024-09-05', 9, 9),
(40, 'Crab', '2024-07-10', '2024-09-10', 10, 10),
(41, 'Lobster', '2024-07-15', '2024-09-15', 1, 1),
(42, 'Butterfly', '2024-07-20', '2024-09-20', 2, 2),
(43, 'Bee', '2024-07-25', '2024-09-25', 3, 3),
(44, 'Ant', '2024-08-01', '2024-10-01', 4, 4),
(45, 'Spider', '2024-08-05', '2024-10-05', 5, 5),
(46, 'Scorpion', '2024-08-10', '2024-10-10', 6, 6),
(47, 'Horse', '2024-08-15', '2024-10-15', 7, 7),
(48, 'Donkey', '2024-08-20', '2024-10-20', 8, 8),
(49, 'Cow', '2024-08-25', '2024-10-25', 9, 9),
(50, 'Sheep', '2024-09-01', '2024-11-01', 10, 10);
GO
INSERT INTO class_weekday (id, class_id, weekday_id, hours) VALUES 
(1, 1, 1, '08:00-12:00'),
(2, 2, 2, '10:00-14:00'),
(3, 3, 3, '12:00-16:00'),
(4, 4, 4, '14:00-18:00'),
(5, 5, 5, '16:00-20:00'),
(6, 6, 6, '08:00-12:00'),
(7, 7, 7, '10:00-14:00'),
(8, 8, 1, '12:00-16:00'),
(9, 9, 2, '14:00-18:00'),
(10, 10, 3, '16:00-20:00'),
(11, 11, 4, '08:00-12:00'),
(12, 12, 5, '10:00-14:00'),
(13, 13, 6, '12:00-16:00'),
(14, 14, 7, '14:00-18:00'),
(15, 15, 1, '16:00-20:00'),
(16, 16, 2, '08:00-12:00'),
(17, 17, 3, '10:00-14:00'),
(18, 18, 4, '12:00-16:00'),
(19, 19, 5, '14:00-18:00'),
(20, 20, 6, '16:00-20:00'),
(21, 21, 7, '08:00-12:00'),
(22, 22, 1, '10:00-14:00'),
(23, 23, 2, '12:00-16:00'),
(24, 24, 3, '14:00-18:00'),
(25, 25, 4, '16:00-20:00'),
(26, 26, 5, '08:00-12:00'),
(27, 27, 6, '10:00-14:00'),
(28, 28, 7, '12:00-16:00'),
(29, 29, 1, '14:00-18:00'),
(30, 30, 2, '16:00-20:00'),
(31, 31, 3, '08:00-12:00'),
(32, 32, 4, '10:00-14:00'),
(33, 33, 5, '12:00-16:00'),
(34, 34, 6, '14:00-18:00'),
(35, 35, 7, '16:00-20:00'),
(36, 36, 1, '08:00-12:00'),
(37, 37, 2, '10:00-14:00'),
(38, 38, 3, '12:00-16:00'),
(39, 39, 4, '14:00-18:00'),
(40, 40, 5, '16:00-20:00'),
(41, 41, 6, '08:00-12:00'),
(42, 42, 7, '10:00-14:00'),
(43, 43, 1, '12:00-16:00'),
(44, 44, 2, '14:00-18:00'),
(45, 45, 3, '16:00-20:00'),
(46, 46, 4, '08:00-12:00'),
(47, 47, 5, '10:00-14:00'),
(48, 48, 6, '12:00-16:00'),
(49, 49, 7, '14:00-18:00'),
(50, 50, 1, '16:00-20:00');